{
  "version" : "v0.1.0",
  "watch_list": [
    {
      "active": true,
      "site": "mail.yahoo.com",
      "frames": [
        {
          "scan": true,
          "frame": "*.mail.yahoo.com"
        },
        {
          "scan": true,
          "frame": "*.mail.yahoo.net"
        }
      ]
    },
    {
      "active": true,
      "site": "navigator.gmx.net",
      "frames": [
        {
          "scan": true,
          "frame": "*.gmx.net"
        }
      ]
    },
    {
      "active": true,
      "site": "mail.google.com",
      "frames": [
        {
          "scan": true,
          "frame": "*.mail.google.com"
        }
      ]
    },
    {
      "active": true,
      "site": "mail.live.com",
      "frames": [
        {
          "scan": true,
          "frame": "*.mail.live.com"
        }
      ]
    }
  ],
  "preferences": {
    "security": {
      "editor_mode": "external",
      "display_decrypted": "inline",
      "password_cache": false,
      "password_timeout": 30
    },
    "general": {
      "editor_type": "plain"
    },
    "main_active": true
  }
}